{"age": -0.022810013918098424, "sex_female": 0.34046711768185745, "sex_male": -0.8784934984423515, "rhythm_asystole": 1.074502135275765, "rhythm_pea": 2.028872501033214, "rhythm_pvt": 0.222005469113424, "rhythm_vf": 0.7709496019516384, "race_african": 0.8151999440198571, "race_asian": 0.8871138015839258, "race_caucasian": 0.8399347481909798, "race_islander": 1.0659500754386355, "race_native": 0.8640890461015678}